SKU,Vendor,Product Name,Size,MOQ,Type
SCI2OT0010,Packola,280 Eyecare Refresh Boxes - Empty,,,
SCI2OT0011,Packola,281 Eyecare Starter Boxes - Empty,,,
SCI2OT0017,Packola,Clear Vision Eye Care Refresh Box - Empty,,,
SCI2OT0018,Packola,Clear Vision Eye Care Starter Box - Empty,,,
SCI2OT0021,Packola,Exclusively Eyecare Refresh Box - Empty,,,
SCI2OT0022,Packola,Exclusively Eyecare Starter Box - Empty,,,
SCI2OT0025,Packola,Gretna Vision Source Refresh Box - Empty,,,
SCI2OT0026,Packola,Gretna Vision Source Starter Box - Empty,,,
SCI2OT0027,Packola,"OrthoK Trial Box (12x12x12, Brown)",,,
SCI2OT0028,Packola,Peeq Pro Refresh Box - Empty,,,
SCI2OT0030,Packola,Premier Vision Refresh Box - Empty,,,
SCI2OT0031,Packola,Premier Vision Starter Box - Empty,,,
SCI2OT0032,Packola,Pure&Clean Plus Refresh Box - Empty,,,
SCI2OT0033,Packola,Peeq Pro Starter Box - Empty,,,
SCI2OT0034,Packola,Pure&Clean Refresh Box - Empty,,,
SCI2OT0035,Packola,Pure&Clean Starter Box - Empty,,,
SCI2OT0038,Packola,Waiva Boxes,,,
SCI2OT0259,Packola,Focus Eye Care Scleral Starter - Empty,,,
SCI2OT0260,Packola,Focus Eye Care Scleral Refresh - Empty,,,
,Packola,Evolutionary Eyecare Refresh Box - Empty,,,
,Packola,Evolutionary Eyecare Starter Box - Empty,,,
,Packola,Focus Eye Care OrthoK - Empty,,,
,Packola,Gillette Optometric Clinic Cosmetic Box - Empty,,,
,Packola,Gillette Optometric Clinic Refresh Box - Empty,,,
,Packola,Gillette Optometric Clinic Starter Box - Empty,,,
,Packola,Pure&Clean Plus Starter Box - Empty,,,
,Packola,Unknown Boxes,,,
,Packola,Wave OrthoK Boxes - Empty,,,
SCI2OT0050,Bion,Peeq Pro Cleanser 180ml ,180ml foaming bottle,,
SCI2OT0051,Bion,Peeq Pro Cleanser 50ml,50ml foaming bottle,,
SCI2OT0052,Bion,Peeq Pro Sensitive Skin 180ml,,,
SCI2OT0053,Bion,Peeq Pro Sensitive Skin 50ml,,,
SCI2OT0055,Pure & Clean,VS lid prep gel,2oz,,
SCI2OT0056,Pure & Clean,VS Lid prep spray,2oz,,
SCI2OT0057,Pure & Clean,Non VS Hand Prep Spray,2oz,,
SCI2OT0058,Pure & Clean,VS hand prep spray 8oz,8oz,,
SCI2OT0059,Pure & Clean,VS hand prep spray 2oz,2oz,,
SCI2OT0255,Purifeye,Purifeye eye oil,,,
,Botanical Science,Blueberry & Coffee Bean Exfoliating Cleanser,5oz,,
,Botanical Science,Borage Leaf Foaming Cleanser,5oz,,
,Botanical Science,Geleé Antioxidant Oil Cleanser,5oz,,
,Botanical Science,Gentle Eye Make Up Remover,4oz,,
,Botanical Science,Ginseng Mineral Toner,2oz,,
,Botanical Science,Limu Facial Cleanser,2oz,,
,Botanical Science,Nutra Peptide Shampoo,8oz,,
,Botanical Science,OUD SHAMPOO & SHOWER GEL,8oz,,
,Botanical Science,Oxygen Revitalizing Cleanser,2oz,,
,Botanical Science,Peptide Treatment Lotion,1.7oz,,
SCI2OT0002,Botanical Science,4D+ HYALURONIC SERUM,1oz,,
SCI2OT0006,Snugz USA LLC,Bath Salts,,,
SCI2OT0043,Botanical Science,Clarifying Camphor Masque,2oz,,
SCI2OT0044,Botanical Science,CBD RECEPTIONS MASQUE,2oz,,
SCI2OT0045,Botanical Science,Microdermabrasion Crème,3.3oz,,
SCI2OT0046,Bion,Peeq Pro Peptide Cream 1oz,,,
SCI2OT0047,Raining Rose,Sun Stick,,,
SCI2OT0112,Bion,Cucumber Scrub 4 oz,,,
SCI2OT0116,Illini,Rose Quartz Face Roller ,,,
SCI2OT0138,Bion,Peeq Pro Titanium Dioxide SPF 35 1.7 oz,,,
,Bion,Acne Kit for Dry/Sensitive Skin,,,
,Bion,Acne Kit for Normal/Oily Skin,,,
,Bion,Bio-Essence Nighttime Calcium 1 oz,,,
,Bion,Bio-Essence Nighttime Calcium 4 oz,,,
,Bion,Bio-Replenish A.C.E. 1 oz,,,
,Bion,Bio-Replenish A.C.E. 4 oz,,,
,Bion,Blackhead/Whitehead Controller 1.2 oz,,,
,Bion,Calcium Caps 24 per pack,,,
,Bion,Coco Mango Body Butter 8 oz,,,
,Bion,Collagen Revival 1 oz,,,
,Bion,Collagen Revival 4 oz,,,
,Bion,Cosmetic Sample pack,12 Pack,,
,Bion,Cucumber Scrub 8 oz,,,
,Bion,Dermatitis Cream 1.7 oz,,,
,Bion,Dermatitis Cream 4 oz,,,
,Bion,Follicle Clearing 1.7 oz,,,
,Bion,Follicle Clearing 4 oz,,,
,Bion,Fruit Enzyme Scrub 4 oz,,,
,Bion,Fruit Enzyme Scrub 8 oz,,,
,Bion,Glycolic 20% Cream 4 oz,,,
,Bion,Glycolic 20% Cream 8 oz,,,
,Bion,Glycolic 30% Exfoliator 4 oz,,,
,Bion,Green Tea/Clay Poultice 2 oz,,,
,Bion,Green Tea/Clay Poultice 8 oz,,,
,Bion,Inhibiting Gel 1.7 oz,,,
,Bion,Inhibiting Gel 4 oz,,,
,Bion,Intense Eye Moisturizing Cream 1 oz,,,
,Bion,Intense Eye Moisturizing Cream 4 oz,,,
,Bion,Lactic 35% Exfoliator 4 oz,,,
,Bion,Line Reducing Complex 1 oz,,,
,Bion,Line Reducing Complex 4 oz,,,
,Bion,Mandelic 15% 1 oz,,,
,Bion,Mandelic 15% 4 oz,,,
,Bion,Mandelic 5% Toner Pads 2.5oz/50pads per jar,,,
,Bion,Mandelic 8% 1 oz,,,
,Bion,Mandelic 8% 4 oz,,,
,Bion,Mint Mask 8 oz,,,
,Bion,Moisture Complex 1.7 oz,,,
,Bion,Moisture Complex 8 oz,,,
,Bion,Naturally Clean Body Wash 12 oz,,,
,Bion,Naturally Soft Body Lotion 12 oz,,,
,Bion,Nutrient Enriched Face & Body Oil 1.7 oz,,,
,Bion,Nutrient Enriched Face & Body Oil 8 oz,,,
,Bion,Nutrient Essential Mask 2 oz,,,
,Bion,Nutrient Essential Mask 8 oz,,,
,Bion,Peel Prep Kit,,,
,Bion,Pineapple/Mango Enzyme Mask 4 oz,,,
,Bion,Pomegranate/Papaya Enzyme 4 oz,,,
,Bion,Pumpkin Enzyme Mask 8 oz,,,
,Bion,Pure Hydration 1 oz,,,
,Bion,Pure Hydration 4 oz,,,
,Bion,Refreshing Toner 4 oz,,,
,Bion,Refreshing Toner 8 oz,,,
,Bion,Renew & Protect Kit,,,
,Bion,Renew & Protect Post Peel Kit,,,
,Bion,Restorative Balm 2 oz,,,
,Bion,Salicylic Glycolic Gel 1.7 oz,,,
,Bion,Salicylic Glycolic Gel 4 oz,,,
,Bion,Skin Rejuvenation Kit,,,
,Bion,Softening Repair Mask 8 oz,,,
,Bion,Titanium Dioxide SPF 35 4 oz,,,
,Bion,Titanium Dioxide SPF 35 8 oz,,,
,Bion,Total Skin Renewal Post Peel Kit,,,
,Bion,Ultra Moisture 1 oz,,,
,Bion,Ultra Moisture 4 oz,,,
,Bion,Vitamin A+ Antioxidant Complex 1 oz,,,
,Bion,Vitamin A+ Antioxidant Complex 4 oz,,,
,Bion,Vitamin C+ Calcium Complex 1 oz,,,
,Bion,Vitamin C+ Calcium Complex 4 oz,,,
,Bion,Youthful Eye Peptide 4 oz,,,
,Botanical Science,Advanced Protection Spf 30,3.3oz,,
,Botanical Science,AHA Mint Masque,.5oz,,
,Botanical Science,AHA/BHA Exfoliating Cleanser,1.25oz,,
,Botanical Science,AHA/BHA Lipo Serum,1oz,,
,Botanical Science,ALA Eye & Neck Lifting Crème,1oz,,
,Botanical Science,Almond Avocado Body Lotion,4oz,,
,Botanical Science,Aloe & Azulene Gel Masque,2oz,,
,Botanical Science,Blemish Control,.33oz,,
,Botanical Science,Capsicum Hot Rub,3.3oz,,
,Botanical Science,Chamomile Cleansing Lotion,5oz,,
,Botanical Science,Chocolate And Coffee Mint Body Polish,8oz,,
,Botanical Science,Citrus & Verbena Body Lotion,8oz,,
,Botanical Science,Complex C Moisturizer,1oz,,
,Botanical Science,Dermaclenz Liquid,5oz,,
,Botanical Science,Earth and Sea Mud Bath,8oz,,
,Botanical Science,Glycolic Gel Renewal,1.7oz,,
,Botanical Science,Glycolic Moisture Crème,1.7oz,,
,Botanical Science,Gold Vitamin C x 3,1oz,,
,Botanical Science,Green Hemp Oil Creme,1.7oz,,
,Botanical Science,Hand Sanitizer Gel,2oz,,
,Botanical Science,Herbal Blend Astringent,5oz,,
,Botanical Science,Herbal Silk Moisturizer,.5oz,,
,Botanical Science,Honey Almond Scrub,3.3oz,,
,Botanical Science,Intensive Rescue Cream,2oz,,
,Botanical Science,Keep It Calm,1oz,,
,Botanical Science,Lashurious Treatment,.17oz,,
,Botanical Science,Luminous Peptide Serum,1oz,,
,Botanical Science,MajaFirm,1oz,,
,Botanical Science,Massage Creme,32oz,,
,Botanical Science,Matrix Oil,1oz,,
,Botanical Science,Neck Reserve Crème,1.7oz,,
,Botanical Science,Nutra Peptide Conditioner,8oz,,
,Botanical Science,Nutra Peptide Sensory Serum,2oz,,
,Botanical Science,Papaya Crème Enzyme Polish,.5oz,,
,Botanical Science,Radiant Antioxidant Moisture Crème,1.7oz,,
,Botanical Science,Rapid Response Line Filler,10ml,,
,Botanical Science,Refreshing Anti-Puff Eye Gel,10ml,,
,Botanical Science,Restorative Marine Moisturizer,.25ml,,
,Botanical Science,Retinol Night Crème,1oz,,
,Botanical Science,RETINOL TITRATION SYSTEM,,,
,Botanical Science,Rosemary Mint Salt Scrub,12oz,,
,Botanical Science,Sage & Citrus Moisturizer,.5oz,,
,Botanical Science,Sea Splash Shower Gel,4oz,,
,Botanical Science,Shea Body Butter,8oz,,
,Botanical Science,Shea Butter Body Gel,8oz,,
,Botanical Science,Shea Butter Body Polish,8oz,,
,Botanical Science,Sheer Berry Antioxidant Serum,1oz,,
,Botanical Science,Soft Papaya and Pumpkin Masque,2oz,,
,Botanical Science,Super Firming Creme,.25oz,,
,Botanical Science,Ultra Soy Peptide Crème With Alpha Lipoic Acid,1.7oz,,
SCI2OT0061,Militti Sales,Waiva Charging Blocks,,,
SCI2OT0062,Militti Sales,Waiva Charging Cords,,,
SCI2OT0132,Peeq,Peeq Waiva (Kit),,,
SCI2OT0054,Pure & Clean,VS Lid prep drop,1oz,,
SCI2OT0066,Allergan,Lastacaft OTC one pack,5mL (60days),6,bottle
SCI2OT0067,Bausch & Lomb,Lumify,,,
SCI2OT0068,Allergan,Refresh Celluvisc,30ct,3,single use
SCI2OT0069,Allergan,Refresh Optive Advanced,10mL,6,Bottle
SCI2OT0072,Allergan,Refresh Optive Mega-3,30ct,3,Single use
SCI2OT0073,Allergan,Refresh Relieva PF 10 ml,10mL,6,Bottle
SCI2OT0074,Allergan,Refresh Relieva PF 30 ct,30ct,3,single use
SCI2OT0075,Alcon,Systane Complete PF,10mL,24,10mL
SCI2OT0098,NanoDropper,Nanodropper,,,
SCI2OT0113,Allergan,Refresh Optive,30ct,3,single use
SCI2OT0251,Sunnie Natural,Sunnie drops dry eye,,,
SCI2OT0252,Sunnie Natural,Sunnie drops digital eye strain,,,
SCI2OT0253,Sunnie Natural,Sunnie drops redness,,,
SCI2OT0257,Scope,Optase Intense Drops,1 x 10 ML PF Multi Dose Bottle (300 Doses),,
SCI2OT0258,Allergan,Refresh Optive Advanced (PF),30ct,3,Single use
SCI2OT0268,Allergan,Refresh Relieva,10mL,6,bottle
,Alcon,Pataday Once Daily,2.5mL,24,2.5mL
,Alcon,Pataday Once Daily,2pack 2.5mL,24,2pack 2.5mL
,Alcon,Pataday Once Daily Relief Extra Strength,2.5mL,24,2.5mL
,Alcon,Pataday Once Daily Relief Extra Strength,2pack 2.5mL,24,2pack 2.5mL
,Alcon,Pataday Twice Daily,5mL,24,5mL
,Alcon,Systane Balance,10mL,24,10mL
,Alcon,Systane Balance,2 pack 10mL,24,2 pack 10mL
,Alcon,Systane Complete,5mL,24,5mL
,Alcon,Systane Complete,10mL,24,10mL
,Alcon,Systane Complete,2 pack 10mL,24,2 pack 10mL
,Alcon,Systane Complete PF,2 pack 10mL,24,2 pack 10mL
,Alcon,Systane Contacts,12mL,24,12mL
,Alcon,Systane Gel Drops,10mL,24,10mL
,Alcon,Systane Hydraton,10mL,24,10mL
,Alcon,Systane Hydraton,30ct,24,30ct
,Alcon,Systane Original,15mL,24,15mL
,Alcon,Systane Original,30mL,24,30mL
,Alcon,Systane Ultra,3mL,24,3mL
,Alcon,Systane Ultra,4mL,24,4mL
,Alcon,Systane Ultra,2 pack 4mL,24,2 pack 4mL
,Alcon,Systane Ultra,10mL,24,10mL
,Alcon,Systane Ultra,30ct,24,30ct
,Alcon,Systane Ultra,2 pack 10mL,24,2 pack 10mL
,Alcon,Systane Ultra PF ,10mL,24,10mL
,Alcon,Systane Ultra PF (not ideal b/c 60ct),60ct,12,60ct
,Allergan,Lastacaft OTC two pack,5mL (60days),6,bottle
,Allergan,Refresh Contacts,12mL,6,bottle
,Allergan,Refresh Digital,10mL,6,bottle
,Allergan,Refresh Digital PF,30ct,3,single use
,Allergan,Refresh Lacri-Lube,3.5g,6,tube
,Allergan,Refresh Liquigel,15mL,6,bottle
,Allergan,Refresh Optive,15mL,6,bottle
,Allergan,Refresh Optive Gel Drops,10mL,6,bottle
,Allergan,Refresh Plus,30ct,3,single use
,Allergan,Refresh PM,3.5g,6,tube
,Allergan,Refresh Relieva for Contacts,8mL,6,bottle
,Allergan,Refresh Tears,15mL,6,bottle
,Scope,Optase MGD Drops,1 x 10 ML PF Multi Dose Bottle  (300 Doses),,
SCI2OT0092,"Kolder, Inc.",Eyelash Sleep Mask,,,
SCI2OT0093,Underground Distributing,Cooling Masks,,,
SCI2OT0094,Militti Sales,Flaxseed Masks,,,
SCI2OT0095,Bion,Seaweed Mask 8 oz,,,
SCI2OT0096,Militti Sales,Peeq Pro Silica Bead Masks,,,
,Scope,Optase Heat Mask,,,
SCI2OT0040,Brooks Candle Co,Lavender Mint Candle,,,
,Amazon,Organza bags,100 bags,,
,Amazon,Wrist Spa Washband,,,
,Botanical Science,Large Vinyl Zipper Bag 11x3x8,,,
,Botanical Science,Sample Size - .25oz Jar and Cap,,,
,Botanical Science,Sample Size - 1.25oz Bottle & Cap,,,
,Botanical Science,Small Vinyl Zipper Bag 7x1.5x6.5,,,
,Our Lavender Company,Eye Pillow,,,
,Our Lavender Company,Scent Sachet,,,
SCI2OT0097,Underground Distributing,Peeq Pro Mirrors,,,
SCI2OT0100,DMV,DMV Classic Plunger,,,
SCI2OT0101,DMV,Scleral Cups,,,
SCI2OT0102,DMV,Vented Scleral Cups,,,
SCI2OT0104,Bausch & Lomb,Boston Advanced Simplus,,,
SCI2OT0105,Alcon,Clear care triple action,Single,1,
SCI2OT0105,Alcon,Clear care triple action,Two Pack,1,
SCI2OT0106,Menicon,Progent 1 step,1 step,,
SCI2OT0107,Menicon,Progent 7,7 step,,
SCI2OT0108,Purilens,Purilens Plus 4oz bottle,4 oz,,
SCI2OT0109,Tangible Science,Tangible Clean 12oz,12oz,,
SCI2OT0110,Tangible Science,Tangible Clean 3.4oz,3.4oz,,
SCI2OT0111,Menicon,Unique PH,4oz,,
SCI2OT0133,DMV,Ultra,,,
SCI2OT0134,Menicon,Lacripure 98 Vials,98 vial pack,,
SCI2OT0135,Menicon,Lacripure 7 vial,7 vial pack,,
SCI2OT0250,DMV,Versa,,,
SCI2OT0266,Underground Distributing,Peeq pro cosmetic mesh bags,,,
,Alcon,Opti-free Puremoist,2oz+lens case,24,2oz+lens case
,Alcon,Opti-free Puremoist,4oz,24,4oz
,Alcon,Opti-free Puremoist,12mL,24,12mL
,Alcon,Opti-free Puremoist,10oz+lens case,24,10oz+lens case
,Alcon,Opti-free Puremoist,2 pack 10oz +lens case,12,2 pack 10oz +lens case
,Alcon,Opti-free Puremoist,2pack 300mL,24,2pack 300mL
,Alcon,Opti-free RepleniSH,2oz + lens case,24,2oz + lens case
,Alcon,Opti-free RepleniSH,2 pack/ 6ct tray=12ct tray,24,2 pack/ 6ct tray=12ct tray
,Alcon,Opti-free RepleniSH,4oz,24,4oz
,Alcon,Opti-free RepleniSH,10mL,24,10mL
,Alcon,Opti-free RepleniSH,10oz+lens case,24,10oz+lens case
,Alcon,Opti-free RepleniSH,2 pack 10oz+lens case,12,2 pack 10oz+lens case
,DMV,45,,,
,DMV,Lumaserter Plus,,,
,DMV,SLH Solo Packs (10ct),,,
,McKesson,AddiPak Box of Vials,100 ct,,
,Menicon,Unique PH,2.5oz,,
,Purilens,Purilens 12 pack,12 count 4oz bottles,,
SCI2OT0119,Militti Sales,Green/ Gray Bishop Sponges,,,
SCI2OT0120,Absorene,3 inch Circle Sponges,Single,,
SCI2OT0120,Absorene,3 inch Circle Sponges,3/8 inch thick 10 pack,,
SCI2OT0121,Absorene,1 inch Waiva Sponges,1 inch thick (pack of 30),"1,000",
SCI2OT0122,Absorene,3/4 inch Waiva Sponges,3/4 inch thick (pack of 30),,
SCI2OT0123,Absorene,5/8 inch Waiva Sponges,5/8 inch thick (pack of 30),,
SCI2OT0125,Nordic Naturals,Algae Omega,60ct,,
SCI2OT0126,Nordic Naturals,Pro Omega Jr,90ct,,
SCI2OT0127,Nordic Naturals,ProOmega Liquid,8oz,,
SCI2OT0128,Nordic Naturals,ProOmega 2000 120ct,120ct,,
SCI2OT0129,Nordic Naturals,ProOmega 2000 60ct,60ct,,
SCI2OT0264,Nordic Naturals,ProOmega 2000-D,60ct,,
,Alcon,Genteal Severe lubricant eye gel,10g,24,10g
,Alcon,Genteal Severe lubricant eye gel,8mL,,8mL
,Alcon,Genteal Tears ,15mL,24,15mL
,Alcon,Naphcon A,15mL,24,15mL
,Alcon,Systane Lid Wipes,30ct,24,30ct
,Alcon,Systane Lubricant Eye Gel,10g,24,10g
,Alcon,Systane Nighttime Ointment,3.5g,12,3.5g
,Alcon,Zaditor Antihistamine ,5mL,24,5mL
,Alcon,Zaditor Antihistamine ,2 pack 5mL,24,2 pack 5mL
,Bausch & Lomb,Bio True,2 pack 10 oz bottles,,
,Botanical Science,Post Treatment Kit,,,
,Botanical Science,Premium Platinum Kit,,,
,Botanical Science,Skin Care Basic Kit,,,
,Botanical Science,Vital Hydrant Toner,2oz,,
,Menicon,Deluxe lens care kits,,,
,Menicon,Large Diameter lens case,,,
,Nordic Naturals,ProOmega 2000-D,120ct,,
,Ocusoft,Retaine MGD,,,
,Optase,Tea Tree Lid Wipes ,20 ct,,
,PRN,DE3,270 Softgels,,
,Science Based Health,Dia Vis,Nutrition support for diabetes and visual health; 1 BID,,
,Science Based Health,Hydroeye,Clinically tested.  Support for dry eyes. Advanced formula with,,
,Science Based Health,MacularProtect AREDS2,Protection for macular health; AREDS & AREDS 2-based,,
,Science Based Health,MacularProtect Complete All-in-One AREDS 2 Vitamin & Mineral Supplement and Whole Body Multinutrient,"formulation with 10 mg of FloraGLO® lutein, 2 mg zeaxanthin and",,
,Science Based Health,Ocular Essentials,Multinutrient for eye and whole body health; 1 BID,,
,Science Based Health,OcularProtect Whole Body Formula,trio of key B-vitamins; 1 BID,,
,Science Based Health,Omega Advance,Premium omega-3 fish oil supplement with lutein & zeaxanthin;,,
,Science Based Health,Optic Nerve,Clinically tested.  Support for optic nerve health; 2 BID,,
,Scope,Optase Hylo Night,1 x 5 G PF Night-Time Ointment (300 Applications),,